time,lhip,lknee,lankle,rhip,rknee,rankle
0.0,17.10156931851662,24.64997,0.0720968391608356,-76.89672368224205,17.0897,-0.1610986013986017
0.03,15.917959607976115,26.59517,3.162097006993003,-75.66797985338853,17.778599999999997,-0.3365531468531469
0.06,14.357446619266536,28.550570000000004,6.751392023310019,-74.521268638109,18.281,-0.5016106759906761
0.09,12.97327766875872,30.64897,10.654269710955706,-72.8120480726076,18.633000000000003,-0.6635123193473196
0.12,10.363556010161933,33.053070000000005,14.685017892773883,-70.3348626140727,18.7177,-0.8294992074592077
0.15,7.687609443706326,35.55387,18.65792439160844,-68.25188251134495,18.7043,-1.0068124708624735
0.18,4.631324109023998,38.19417,22.57139742191148,-66.34244252730265,18.3731,-1.140186480186483
0.21,1.6261425228059836,40.72677,25.952410125874195,-64.74642198174837,18.0669,-1.357727342657346
0.24,-1.6702652220560683,43.14217000000001,28.14322139860148,-62.45449558669525,17.739800000000002,-1.6733974125874167
0.27,-4.459232740553792,45.47457,29.37546610722619,-60.25532339300853,17.4989,-2.0666407459207514
0.3,-7.005014258951452,47.70697,29.679425687645764,-58.39001645639056,17.4504,-2.559259720279727
0.32999999999999996,-8.979854019467776,49.86957,28.65090193473201,-56.48107515085025,17.5529,-3.1601650349650434
0.36,-10.232073468344014,51.964470000000006,26.16186044289051,-54.81698498977709,17.735100000000003,-3.801472610722621
0.39,-13.066969819942518,53.89857000000001,22.87659829836836,-52.73225951229243,17.8206,-4.44810146853148
0.42,-16.16306347873943,55.68997,20.297076130536187,-50.84900014960355,17.8485,-5.042401421911436
0.44999999999999996,-18.34051376697593,57.19637,17.57713291375296,-48.69445968184312,17.7391,-5.51385489510491
0.48,-19.79209170201293,58.38017000000001,15.18714662004666,-46.53293771505511,17.543,-5.9283487645687805
0.51,-21.519342698471814,59.33487000000001,13.337550181818216,-44.55443075849,17.348,-6.353842470862487
0.54,-24.407155603239808,60.04737,11.725503473193504,-42.64075200718098,17.1976,-6.745685874125892
0.57,-26.27766319967535,60.74157000000001,10.691619498834529,-40.96843365082532,17.1299,-7.1046440326340505
0.6,-27.55863403136413,61.337770000000006,9.62235792540795,-39.04877075749265,17.0879,-7.518340909090929
0.63,-29.106272270925636,61.81707,7.975026785547806,-37.29441978756296,17.0956,-8.009543473193492
0.6599999999999999,-30.94125756725055,62.00067,6.4379611888112045,-35.598912880865704,17.0338,-8.533605477855499
0.69,-33.16265210937978,61.87607,5.480167697902112,-33.73335660499676,16.8856,-9.042660955710978
0.72,-35.01748319778527,61.51417000000001,5.561209077855493,-31.62344786316262,16.7512,-9.543318531468556
0.75,-36.68419618983028,61.05887,5.384545222377636,-29.78930833291777,16.634999999999998,-10.07137960372963
0.78,-38.22983317304752,60.44187000000001,5.337204709557123,-27.844462175235623,16.5188,-10.64010361305364
0.8099999999999999,-39.611533907397416,59.64247,5.250262690909105,-25.915823068867503,16.4311,-11.184795454545483
0.84,-40.93653237865993,58.69937,4.97849364662006,-24.21064179923204,16.338,-11.649891025641056
0.87,-41.9416633775648,57.59147,4.506928133799546,-22.31302049568643,16.2068,-12.061690326340358
0.8999999999999999,-43.12123722114438,56.44467,3.3520606769230863,-20.68007280706129,16.1504,-12.502217832167863
0.9299999999999999,-44.61367413987669,55.19917,1.9398764228438277,-19.27462225103476,16.1571,-12.923840209790242
0.96,-45.92382995991928,53.80027,0.907224331934734,-17.708647085224154,16.127,-13.306729487179522
0.99,-46.90678036767526,52.14747,0.4245832689976697,-16.053383533635866,15.953399999999998,-13.669591491841528
1.02,-47.69694308093414,50.18517,0.3949629370629378,-14.57078741335461,15.7601,-14.033665151515187
1.05,-48.50711835763562,48.00887,0.5513573892773903,-12.9026579564155,15.331,-14.353510839160876
1.08,-49.1666990944315,45.704170000000005,0.8739430769230788,-10.787513090310677,14.8229,-14.59995909090913
1.1099999999999999,-49.24207975006532,43.36207,1.2235632167832198,-8.577320101730415,14.2664,-14.79794603729608
1.14,-49.54610394303089,40.87417000000001,1.70693081585082,-7.088116491298061,13.8786,-14.994991958041997
1.17,-50.04024748870123,38.37787,2.439152365967372,-5.404453199022591,13.2762,-15.22301247086251
1.2,-50.71367024854491,35.614369999999994,3.45556543123544,-3.7386425971176394,12.741699999999998,-15.474378904428946
1.23,-50.27589542323791,32.800470000000004,4.700534743589756,-1.830765970179025,12.2545,-15.718537412587455
1.26,-50.43766364439898,29.71527,6.012891748251764,-0.0827604348476537,11.761,-15.959801981352026
1.29,-50.61710962993434,26.63287,7.210648883449902,2.0304218820126665,11.1708,-16.170079603729647
1.3199999999999998,-49.87914635298826,23.32317,8.165292097902121,3.988580262304892,10.708099999999998,-16.311256060606105
1.3499999999999999,-49.293778872292044,20.13337,8.66926505827508,6.087119134294121,10.1194,-16.34359731934736
1.38,-48.74176566400018,17.26227,8.763414801864826,8.369246496783523,9.412299999999998,-16.307468414918457
1.41,-47.7366346650953,14.543670000000002,8.426275081585104,10.547100184511043,8.731300000000001,-16.243187062937103
1.44,-47.11307654249612,12.043570000000004,7.360858438228458,12.61502019647933,8.157399999999999,-16.112640442890484
1.47,-46.83373451110975,10.07617,5.958771060606076,14.808283049917716,7.636499999999998,-15.905685198135238
1.5,-46.1167844257784,8.281770000000002,4.49227526806528,16.857552485912333,7.483899999999998,-15.705590093240133
1.53,-45.28075958796354,6.6907700000000006,3.252349545454554,18.316361641649628,7.715699999999998,-15.543635314685352
1.56,-44.97740248044605,5.638470000000002,2.2105927738927797,19.34638208746821,8.084599999999998,-15.412872610722651
1.5899999999999999,-45.02143012001978,5.241670000000001,1.173853298368301,20.33451353912133,8.526599999999998,-15.311129487179528
1.6199999999999999,-44.69722659224957,5.304270000000001,0.3262325268065272,21.517902558220715,9.093,-15.244066783216825
1.65,-44.26161979464885,5.844470000000001,-0.2617732634032648,22.60260310178028,9.7245,-15.207360722610762
1.68,-44.46724888402163,7.0211700000000015,-0.3683309324009339,23.38463072856929,10.330099999999998,-15.208490792540832
1.71,-44.966562341914646,8.588370000000001,0.1408151981351981,23.959033561063183,11.0539,-15.166798484848524
1.74,-45.176527486699975,10.17547,0.7379861305361319,24.591008826609485,11.9913,-14.95337867132871
1.77,-45.36347818352632,11.65167,1.5544107459207497,25.060838777240317,13.1008,-14.532753962704003
1.7999999999999998,-45.81926431593166,12.996570000000002,2.478366526806533,25.04887049319304,14.3478,-13.941516899766938
1.8299999999999998,-46.12011985301883,14.11927,3.5107196503496594,25.03665286989478,15.6651,-13.126446317016352
1.8599999999999999,-45.926498301711625,15.029970000000002,4.418427319347331,25.167306637410864,17.1172,-12.05790174825178
1.89,-45.31428063172992,15.696170000000002,4.903563706293719,24.857452750211937,18.7252,-10.750418135198164
1.92,-44.724243552897086,16.36957,5.123794941724955,24.16521218770259,20.5284,-8.972881153846178
1.95,-44.20141533295902,17.10807,5.113449650349664,23.163790953971976,22.5633,-6.612599533799552
1.98,-43.55217442060849,18.09097,4.992631212121225,21.63451852590635,24.8717,-3.758975606060616
2.01,-43.06603590031519,19.17787,5.006517738927752,19.13172592629532,27.332700000000003,-0.5614946620046638
2.04,-42.8095415455258,20.31377,4.840709230769244,16.22851942352765,29.880000000000003,2.8484353496503565
2.07,-42.23834963060143,21.09657,4.362181072261084,13.38415698399242,32.4518,6.430668275058292
2.1,-41.47236876483569,21.84717,3.61142951048952,10.497780880666234,35.0299,10.262241876456905
2.13,-40.60765925275311,22.27087,2.7894986713286785,7.251583304243754,37.6259,14.188777365967404
2.16,-38.888079738947226,22.54557,2.103156759906765,3.5806861816187103,40.2269,17.71292537296042
2.19,-37.24704953665356,22.48917,1.458698927738931,-0.1163095297461726,42.8507,20.68507165501171
2.2199999999999998,-35.79997442839115,22.45257,0.8221250582750601,-4.092255522864409,45.4277,23.25888244755251
2.25,-34.63340875104927,22.30657,0.1137103962703962,-8.571709968583255,47.9339,24.38548550116557
2.28,-33.45600293517597,22.29567,-0.4396999300699317,-12.631576322744726,50.2905,24.60350114219121
2.31,-31.980409924007848,22.42697,-0.8286987878787904,-16.413678751309032,52.4819,23.88724552447559
2.34,-30.27900848866232,22.48857,-1.1353750116550148,-19.9406323243405,54.5543,22.335309883449945
2.37,-29.29772579452656,22.58357,-1.5374195804195847,-23.61811200319154,56.4769,20.23692568764574
2.4,-28.546587579980763,22.34667,-1.9616560839160893,-27.413603949533737,58.145700000000005,18.019705291375335
2.4299999999999997,-26.851523456392066,22.19037,-2.456891701631708,-30.921059193138184,59.5886,15.869591095571138
2.46,-25.59573510036856,21.91907,-2.93761832167833,-34.287139081434205,60.8578,13.807830815850853
2.4899999999999998,-24.07828247733299,22.18697,-3.5036556177156277,-37.71181369371167,61.9773,12.049613519813551
2.52,-23.34065274311095,22.35557,-4.215458951048962,-41.28210242856431,62.9293,10.556089417249444
2.55,-21.953115011090294,22.69107,-5.070966317016331,-44.73171096594026,63.6403,8.812787659673685
2.58,-20.647962331908364,22.80017,-5.906796177156193,-48.03146661347429,64.0882,7.75670783916086
2.61,-19.411019139793314,23.14737,-6.926412913752932,-50.76297810801377,64.1872,6.9744476293706485
2.6399999999999997,-18.564821248895136,23.77977,-7.850390815850836,-53.64434249239516,64.0575,6.192838841491858
2.67,-17.594545464652807,24.45477,-8.742769370629393,-56.37984341495038,63.732200000000006,5.294467046620062
2.6999999999999997,-16.07896068087188,24.79657,-9.321188951048976,-58.89941654615269,63.1719,4.2606157878788
2.73,-14.609171313102111,24.67547,-9.689424149184171,-61.56759587094201,62.69540000000001,3.017145065268074
2.76,-14.016565955294157,23.980770000000003,-9.721642331002355,-64.64494090659753,62.137600000000006,1.646745904428909
2.79,-12.691800963938473,22.86667,-9.640347459207485,-67.30788410711614,61.2955,0.2354276759906767
2.82,-10.699967201632134,21.73857,-9.508577062937087,-69.2689373161123,60.173,-1.1031000396270425
2.85,-9.174559584628128,21.19927,-9.410765407925432,-71.30828304991772,58.9024,-2.258133279720285
2.88,-8.089244914863219,20.96517,-9.436139067599091,-73.52790106218521,57.4742,-3.193379202797211
2.9099999999999997,-6.754657090284455,20.79577,-9.739674032634058,-75.29097890589937,55.834900000000005,-3.8945486713286814
2.94,-5.422554158999816,20.52637,-10.135473333333358,-76.88824614770857,53.9675,-4.350318881118892
2.9699999999999998,-4.275100479745618,20.16807,-10.594908997669023,-78.20550541066176,51.9327,-4.704919720279733
3.0,-3.036272771239722,19.72627,-10.961253286713315,-79.2292923752057,49.7058,-4.982216223776238
3.03,-1.7678765002473773,19.32717,-11.32678895104898,-80.26853837331073,47.3645,-5.25820377622379
3.06,-0.6896179268096082,19.03317,-11.651423216783249,-81.2327332568693,44.8595,-5.363827412587427
3.09,0.466774697448954,18.64247,-12.053350955710986,-81.51174387872139,42.1064,-5.294517505827521
3.12,1.7857210359837006,17.95967,-12.261056083916117,-81.64912980601407,39.1528,-4.91740792540794
3.15,3.2957856876817107,16.97927,-12.344600372960404,-82.23033960005985,35.9867,-4.350987016317028
3.1799999999999997,5.529904884733193,15.466170000000002,-12.315552354312386,-82.14955368274074,32.5476,-3.732666107226117
3.21,7.680671755046222,14.03977,-12.20623463869467,-81.3217473694709,29.1017,-3.2003789510489598
3.2399999999999998,9.437324542629538,12.723870000000002,-11.978258648018675,-82.78437141574828,25.463700000000003,-2.8611038228438304
3.27,10.99455213550729,11.691670000000002,-11.785212027972058,-81.2359746671321,22.0786,-2.8981882051282124
3.3,12.199125006253924,10.85737,-11.655591515151546,-80.32488904403331,18.5848,-3.240762377622386
3.33,12.92259585184032,10.372870000000002,-11.683838834498864,-79.44945893382537,15.4402,-3.859561095571106
3.36,14.935226002990763,9.56417,-11.830594778554808,-78.31820675210692,12.267599999999998,-4.654031351981365
3.3899999999999997,16.5991038818814,8.69877,-11.972701538461568,-77.20615369271431,9.1986,-5.601130769230784
3.42,18.1759104326605,7.938370000000001,-11.928415058275087,-75.99910237869646,6.313099999999999,-6.46901939393941
3.4499999999999997,19.89999277324097,7.14677,-11.795700372960404,-74.73495237620305,3.8703,-7.3248163636363826
3.48,21.61223434711791,6.538970000000001,-11.565031841491871,-73.35012217623299,1.9697,-8.187514382284403
3.51,22.73777426940245,6.240270000000001,-11.29774303030306,-72.50959956116291,0.7114999999999991,-8.960130536130558
3.54,23.489246026672298,6.254670000000001,-11.047744662004687,-72.12137834737945,0.2374999999999989,-9.37477340326343
3.57,24.336611317104623,6.49267,-10.811622983683012,-72.0081783274323,0.5614999999999988,-9.21997899766902
3.5999999999999996,25.02987986902889,6.981070000000001,-10.589824848484875,-72.16775544806264,1.3848000000000005,-8.452032867132889
3.63,26.036178267467907,7.50637,-10.407603636363664,-72.26125766718198,2.590799999999998,-7.144898857808877
3.6599999999999997,26.954754929483503,7.955670000000001,-10.240176829836855,-72.79609036054455,4.1417,-5.552503752913768
3.69,27.400534780167547,8.45917,-9.959933706293732,-73.85104473146163,5.866,-3.977818741258752
3.7199999999999998,27.825134667874828,9.22407,-9.491670069930096,-74.7112651473595,7.498000000000001,-2.5959300466200537
3.75,28.32528198257795,10.184070000000002,-8.827397342657367,-75.52685383733107,9.092399999999998,-1.4791334965035003
3.78,28.513733621662485,11.43307,-8.07609202797205,-75.72532788111505,10.5307,-0.6316942890442904
3.81,28.10481024198524,13.01367,-7.239422937062956,-76.01181868049669,11.795099999999998,-0.0400748717948716
3.84,27.91502443200453,14.84607,-6.13201601398603,-75.71859572133846,12.887999999999998,0.3866651282051295
3.8699999999999997,27.50226531100079,16.76967,-4.7316106060606185,-75.30992868897422,13.9762,0.6767000466200486
3.9,26.602367041531625,18.80057,-2.480030221445229,-74.95337356006583,15.079999999999998,0.9674446620046648
3.9299999999999997,25.70180168661437,20.94617,0.1111800233100237,-74.6269884805266,16.3394,1.128907948717952
3.96,24.863942363817284,23.16477,2.2410719230769294,-74.38089063980452,17.6755,1.1402505594405627
3.9899999999999998,23.970548177466963,25.453570000000003,3.481623146853156,-73.87597865656011,18.969,0.9814040326340354
4.02,22.886867867049865,27.83217,3.3599623659673754,-73.18730364533985,20.1204,0.7325028438228459
4.05,21.70529276712603,30.26007,1.1006884149184175,-72.47818281553883,21.1218,0.531864545454547
4.08,20.509708872792363,32.693569999999994,-2.107642296037303,-71.38059143270334,21.9279,0.2759893939393948
4.109999999999999,19.06230022180591,35.138270000000006,-2.82950874125875,-69.96384580860719,22.4838,-0.0449604662004661
4.14,17.21247227426106,37.58527,-0.4820755594405626,-68.29402084476139,22.787,-0.4121522610722621
4.17,14.685752722542484,40.01847000000001,4.572551841491851,-66.17962399640952,22.7081,-0.8449990675990697
4.2,10.907680933030178,42.47287,12.31770703962707,-63.8415698399242,22.4056,-1.2492928671328705
4.2299999999999995,6.069410240873436,44.90407,20.590983589743644,-61.20904602802573,21.937800000000003,-1.7528843356643402
4.26,2.3692873859700807,47.32557,27.77131337995345,-59.15399192140827,21.5883,-2.2410507925407988
4.29,-0.401428674667986,49.70237,32.75900848484858,-56.927143070862215,21.3455,-2.67267093240094
4.32,-3.091624186294729,51.912670000000006,34.4503847086248,-54.72298409215578,21.3035,-3.0858300699300782
4.35,-5.170012285490335,54.06317,32.272557435897525,-52.68987183962499,21.4054,-3.5184080652680745
4.38,-7.627021407883837,56.00827000000001,28.304176829836905,-50.77170498179824,21.3843,-4.062542494172504
4.41,-10.023675974361682,57.95217000000001,25.08740631701638,-48.98892933725627,21.3902,-4.599505967365979
4.4399999999999995,-12.50323258490052,59.54447,22.070993869463926,-47.40637311125517,21.2162,-5.102060815850829
4.47,-15.059704147603773,61.035070000000005,19.271150815850863,-45.617363985438594,21.1026,-5.595898461538476
4.5,-17.09840066263821,62.08227000000001,16.925557808857853,-43.19179175185758,20.8249,-6.0888291841492
4.53,-18.93622107211749,62.961470000000006,14.594698840093276,-41.07190943998405,20.6401,-6.521274568764586
4.56,-20.756030174498434,63.61567000000001,12.515833331934765,-39.07495137884606,20.433300000000003,-6.937364032634052
4.59,-22.98142722931618,64.09067,10.766036341258769,-37.42607091208298,20.2249,-7.338970745920765
4.62,-25.337739803320968,64.40077000000001,9.257948613986038,-35.819079439485364,20.0134,-7.787411958041979
4.6499999999999995,-27.458571214151103,64.52087,7.848772457808878,-34.29312322345784,19.9451,-8.270163286713307
4.68,-29.2258473374952,64.38537000000001,6.457854119813536,-32.44925946242457,19.7531,-8.732518764568788
4.71,-31.38103364890181,64.22157,5.094112317948731,-31.07440283249389,19.5945,-9.18095256410259
4.74,-32.98153841022419,63.66227000000001,3.812471597669007,-28.963496733655813,19.3032,-9.66213904428907
4.77,-34.84821026533324,63.17717,2.613489511421918,-27.3465316910188,19.159,-10.179838111888138
4.8,-36.80593928410613,62.59987000000001,1.40179864662005,-25.93626888744826,19.0931,-10.72173741258744
4.83,-38.83354550356612,61.94667,0.3387613342657347,-24.80474243255373,19.225900000000003,-11.21906212121215
4.859999999999999,-40.86748903478294,61.32037000000001,-0.5033872261072279,-23.916994963347133,19.329,-11.713408275058306
4.89,-42.142956411525006,60.392570000000006,-1.1263127738927774,-22.709095895875933,19.2891,-12.207881934731969
4.92,-43.270164047429766,59.10117000000001,-1.534598158508163,-21.075923801924898,19.1122,-12.709213869463904
4.95,-44.8441521621907,57.63407000000001,-1.7361465501165552,-19.604921956814444,18.8237,-13.196971212121245
4.9799999999999995,-46.3779483787044,56.15597000000001,-1.8499075524475577,-18.19156734653169,18.5983,-13.62656678321682
5.01,-47.63123516429758,54.52457,-1.8644961771561823,-16.69296364633721,18.3096,-14.009310139860178
5.04,-48.71708350242096,52.69077,-2.0070023543123603,-15.14227297661198,17.909100000000002,-14.345222027972063
5.069999999999999,-49.393841689505074,50.52667,-1.6272494638694686,-13.139405575225652,17.2763,-14.601191724941764
5.1,-50.102786749459376,48.41657000000001,-1.4599172727272771,-10.815439086420986,16.4389,-14.79335372960377
5.13,-50.5268863230806,45.962770000000006,-1.1781693240093274,-8.295940756993966,15.2922,-14.896208275058314
5.16,-50.581420558461694,43.72397,-0.875241841491844,-6.319952126863811,14.5869,-14.941418298368337
5.1899999999999995,-52.22061627577312,40.70337000000001,-0.5618448251748268,-4.355458036204059,14.0295,-14.991570046620083
5.22,-51.4654755485388,37.959770000000006,-0.2361285314685322,-2.909913728619159,13.7032,-15.123834848484888
5.25,-51.12876416861696,34.740970000000004,0.0228877156177156,-1.502872388171346,13.3386,-15.342490792540833
5.279999999999999,-51.01669381333837,31.72187,0.0865828205128205,-0.0665785667979853,13.1132,-15.599296386946428
5.31,-50.580920244375626,28.513970000000004,-0.0268261072261076,2.109871340946492,12.5381,-15.850439743589783
5.34,-49.90299465775736,25.14937,-0.2156284149184159,4.249488854535481,11.933699999999998,-16.08473997669002
5.37,-49.33780651186577,21.77217,0.0860869696969695,5.687478182815538,11.447,-16.276721794871836
5.3999999999999995,-48.54580931362466,18.50037,0.0842916317016316,7.408392759188151,11.121299999999998,-16.462149300699345
5.43,-47.69844402319233,15.295170000000002,0.208711328671329,9.4125317907545,10.718,-16.601449766899812
5.46,-47.16327472246466,12.34147,0.3939787878787888,11.094100633321696,10.2466,-16.633660023310064
5.49,-46.21351181575099,9.60687,0.5776338694638709,13.116042487408368,9.788799999999998,-16.638778205128247
5.52,-45.22455763896223,7.23507,0.6231307226107241,15.256345683937566,9.463,-16.702150000000046
5.55,-44.37385692128947,5.160770000000001,0.4640882051282061,17.143619408567297,9.246099999999998,-16.809519230769276
5.58,-44.00345772623925,3.875070000000001,0.2433434498834503,18.360694160474743,9.3091,-16.82551386946391
5.609999999999999,-43.92390778655489,3.5741700000000005,0.0974838694638693,19.383384032314368,9.6679,-16.861707109557155
5.64,-43.92974478422565,3.73137,0.0332105827505824,20.28848551338952,10.0696,-16.89910291375296
5.67,-44.192242908047824,4.46617,0.0227950349650346,21.160649279409565,10.5215,-16.931243939393987
5.7,-44.74442288770172,5.731470000000002,-0.0226180419580423,21.887946940607392,11.0759,-16.930894522144566
5.7299999999999995,-45.159016493687695,7.225770000000001,-0.0218991608391611,22.79023088814641,11.8059,-16.79222109557114
5.76,-45.33979665011924,8.659670000000002,0.1833876456876458,23.75038647583903,12.586199999999998,-16.478990559440604
5.79,-45.424516502026265,10.24877,0.528510139860141,24.6667830249838,13.4394,-16.076025757575803
5.819999999999999,-45.35914212811375,11.65887,0.8587428205128225,25.531591283099782,14.2099,-15.593163752913794
5.85,-45.12816379171368,12.85077,1.2224194172494205,26.44641699496335,14.9625,-14.957246736596776
5.88,-44.97890342270425,13.981470000000002,1.809832270396275,27.25278013264848,15.8688,-14.124588694638732
5.91,-44.56447658808029,14.79487,2.659427876456883,28.11948336907196,16.8398,-13.164115081585114
5.9399999999999995,-44.44256672244242,15.478470000000002,3.601614438228448,28.08632124869097,18.0505,-11.876984755244784
5.97,-44.021969347423656,16.12387,4.448150020979032,27.622051563357104,19.5612,-10.217815944055973
6.0,-43.310355945677,16.871370000000002,5.036777258741272,27.157033860270285,21.4039,-8.234087655011677
6.029999999999999,-42.40445390717505,17.61297,5.293782724941739,26.31252181718446,23.3471,-6.016120930069945
6.06,-41.98802581620684,18.56667,5.298972689976704,24.336632922754703,25.471,-3.603992363636373
6.09,-41.65114766492297,19.66367,5.085026058275071,21.997581409265447,27.6378,-0.9220392750582774
6.12,-41.07745417956828,20.72337,4.461422340326353,19.67526055951728,29.8043,2.0286476363636416
6.1499999999999995,-40.084497490091,21.58057,3.7015379930070025,17.370742532289434,32.0042,5.178054384615399
6.18,-39.19260424599887,22.20587,2.882465137529145,14.458160873684736,34.358,8.48173341724944
6.21,-38.23650402752838,22.58557,2.102736643356649,11.13613923103775,36.908,11.866204081585114
6.24,-36.78059003707883,22.84457,1.3157202331002362,7.861118037201416,39.5841,15.030226680652722
6.27,-35.49628377814961,22.96727,0.6683940559440575,4.139679848401736,42.3368,17.71421846386951
6.3,-33.74952053233418,23.04487,0.0968034498834497,0.4469056998952775,45.0245,19.790270969697023
6.33,-32.28526797378354,23.03227,-0.4978011888111905,-3.575499925198225,47.6691,21.097864149184204
6.359999999999999,-30.941591109974592,23.05227,-1.1014965268065302,-7.193811399790555,50.1587,21.217489277389333
6.39,-29.52686964594439,23.03147,-1.6684850349650395,-10.545703884705532,52.4761,20.32303699300705
6.42,-27.9155247460906,23.02367,-2.283741724941731,-13.835361292574676,54.5826,18.653586503496552
6.45,-26.46461389650169,23.05317,-2.803692470862478,-17.340846756096344,56.525000000000006,16.559094428904473
6.4799999999999995,-25.0138698182748,23.08157,-3.3644846153846246,-20.819229043035957,58.2888,14.417222983683022
6.51,-23.68620300521994,23.05147,-3.940755221445232,-24.46190096244951,59.8322,12.194893892773925
6.54,-22.37521332836725,22.93087,-4.510060186480198,-28.08956265895377,61.19369999999999,10.3370703729604
6.569999999999999,-20.90662471440404,22.76807,-4.879769813519826,-31.276866304293623,62.28659999999999,8.943880186480209
6.6,-19.465053061088348,22.55847,-5.139282750582764,-34.42228095546801,63.1708,8.174157552447573
6.63,-18.322502459877587,22.33427,-5.373195011655026,-37.99107365481474,63.8222,7.821147986014007
6.66,-17.132088477766597,22.11397,-5.652382890442905,-41.142223108761776,64.2149,7.34386420979023
6.6899999999999995,-15.975929333414864,21.89017,-5.934511794871811,-43.975963696205056,64.3928,6.77832267132869
6.72,-14.705731931712684,21.69377,-6.18593650349652,-46.89971575325388,64.4189,6.102611972027988
6.75,-13.418707299582517,21.53367,-6.46456051282053,-49.95586695257568,64.2768,5.25882826573428
6.779999999999999,-12.077081723526437,21.40557,-6.804447459207478,-52.68189298359348,63.9472,4.128673137529149
6.81,-10.940801725527692,21.29277,-7.2013933799534,-55.31242208148407,63.4808,2.647264000000007
6.84,-10.058964794565474,21.32417,-7.602850722610743,-57.88211240213435,62.8614,1.2919357948717982
6.87,-9.169406349541656,21.39557,-7.920186153846176,-60.76497282202165,62.045,-0.0767223636363638
6.8999999999999995,-8.347390306136628,21.38017,-8.153637202797224,-63.846805964194886,61.042100000000005,-1.369292410256414
6.93,-7.416656011829647,21.22077,-8.404203869463892,-66.26614471650127,59.8385,-2.591902247086254
6.96,-6.252074913695819,20.92147,-8.669676829836853,-68.19528250137137,58.40859999999999,-3.818930186480197
6.989999999999999,-4.936982661337394,20.50717,-8.86076983682986,-70.11045728818631,56.8676,-4.839790163170176
7.02,-3.489657396031953,20.02487,-8.951026013986038,-71.80721089113848,55.1938,-5.411947272727288
7.05,-2.150133139137347,19.56097,-8.993672634032658,-73.53637859671869,53.27119999999999,-5.727146923076939
7.08,-1.1269925008477544,19.07337,-9.043658881118905,-75.313668777739,51.1445,-5.934235431235448
7.109999999999999,-0.209224679937961,18.56677,-9.116870303030328,-76.86680297212388,48.8623,-6.055196643356659
7.14,1.0288875794248609,17.98147,-9.196115524475548,-77.84919962100435,46.3826,-6.00594615384617
7.17,2.584022191709239,17.284670000000002,-9.29296820512823,-78.32618560813843,43.745,-5.718290256410272
7.199999999999999,4.239011157004119,16.479870000000002,-9.334668671328696,-78.81139979055503,40.9504,-5.280467692307706
7.2299999999999995,5.893966768026593,15.61347,-9.342423449883476,-79.09913728619159,38.0135,-4.7835391841491965
7.26,7.2193488134217585,14.65457,-9.34292531468534,-79.60928539370668,34.9478,-4.214421398601409
7.29,8.610905735267139,13.65117,-9.36998102564105,-79.85613125218171,31.7218,-3.37852916083917
7.319999999999999,9.723837742582845,12.59787,-9.37347356643359,-80.09649429013116,28.3902,-2.2341898368298425
7.35,11.637555798918209,11.53707,-9.34441785547788,-80.03166608487507,24.9482,-1.1177469463869492
7.38,13.621317827302692,10.45317,-9.333791981352006,-79.43674263202513,21.4749,-0.3023711888111893
7.41,15.168705909821163,9.391170000000002,-9.34704349650352,-78.90565002742733,17.970100000000002,0.0868254778554784
7.4399999999999995,16.6889769688749,8.211770000000001,-9.349339067599091,-78.43390016456391,14.5837,0.0820582284382288
7.47,18.502281988137,7.117370000000001,-9.364568438228464,-77.45574228295018,11.4202,-0.3082048484848491
7.5,20.16315798251124,6.368670000000002,-9.28355701631704,-76.13948037700095,8.447299999999998,-1.0404809790209812
7.529999999999999,21.40643848638312,5.864370000000001,-9.148840000000025,-75.22191193337656,5.736000000000001,-2.289068601398607
7.56,22.332353088327668,5.60637,-9.027525780885805,-74.48137435795144,3.3903,-3.70134000000001
7.59,22.82783080489418,5.776670000000001,-9.039483589743613,-73.56131252181719,1.4678000000000004,-4.998474195804209
7.62,22.86402019045289,6.160570000000002,-9.183629044289068,-72.89507804318556,0.2247000000000003,-5.908896899766915
7.6499999999999995,23.943697988181466,6.533670000000001,-9.427692447552472,-72.6552136837381,0.0,-6.433429650349668
7.68,25.619083091051603,6.823870000000001,-9.542792447552472,-72.91851593277815,0.9207999999999998,-6.686251118881136
7.71,27.368347907297352,7.206770000000001,-9.612312727272752,-73.50396449409067,2.6129999999999995,-6.618504125874145
7.739999999999999,28.458031986747237,7.836070000000001,-9.536644195804222,-74.21408268089563,4.439699999999998,-6.136328111888129
7.77,28.95884638689844,8.577570000000001,-9.243995477855504,-74.92494888545355,6.4115,-5.219228018648033
7.8,28.2934286524318,9.42747,-8.73464279720282,-75.30294718994665,8.3142,-4.010590349650361
7.83,28.721697510103564,10.41957,-8.042562284382306,-75.7971375853987,10.0516,-2.861060489510497
7.859999999999999,28.80925247516496,11.51687,-7.144330629370648,-76.49603550590935,11.624,-1.6015990442890486
7.89,29.267373406638605,12.667470000000002,-6.083505710955727,-77.07624794295118,13.1489,-0.3609426107226116
7.92,29.346923346322967,14.232970000000002,-4.874789762237775,-77.48267092205656,14.3924,0.7672101864801887
7.949999999999999,28.787238655378097,16.185670000000002,-3.4018448088578177,-77.59836433451355,15.5397,1.6347900466200511
7.9799999999999995,27.91268963293623,18.40677,-1.4434680839160885,-76.98673515184761,16.6178,2.0900542890442946
8.01,26.80616164592216,20.862170000000003,0.9149314615384636,-75.83179574128559,17.5126,2.301237226107232
8.04,25.75066569568673,23.40477,3.66528040093241,-74.17792848950282,18.3002,2.4129667832167896
8.07,24.27690716950085,25.92167,6.584472627039643,-72.94494589338254,19.0234,2.4475817482517552
8.1,22.375380099729277,28.44177,9.549110237762262,-71.76806462873385,19.5502,2.160497832167838
8.129999999999999,20.298576328472876,30.980970000000003,12.50610418881122,-70.0461277614322,19.9169,1.7411772494172544
8.16,18.152062127891394,33.59357,15.325431543123583,-67.71555378247645,20.178,1.3110868065268102
8.19,15.972277040586588,36.27487000000001,17.830006170163216,-65.27826260409914,20.3689,0.838340116550119
8.219999999999999,13.241629467387858,39.05207,19.7711225454546,-63.415698399242,20.4191,0.3058258275058285
8.25,10.546720997070382,41.83397000000001,20.976787226107284,-61.49030070313669,20.404,-0.2345162703962707
8.28,7.977307976674245,44.51117000000001,21.37300326340332,-59.4654166458884,20.3747,-0.83173533799534
8.31,5.419302117440393,47.08937,21.071448787878843,-57.28120480726076,20.326,-1.352055967365971
8.34,2.969180652298387,49.479870000000005,20.093455897435952,-55.146860818830106,20.263,-1.8034775757575805
8.37,0.3865309888985863,51.80587,18.549405780885827,-53.18605694908493,20.1159,-2.306208181818188
8.4,-2.1084903300405253,53.95227,16.77255997669002,-50.9108362838478,19.9746,-2.980518484848493
8.43,-4.82696359381167,55.87357,15.075915757575798,-48.82985089512791,19.8426,-3.57297240093241
8.459999999999999,-7.417723348546587,57.526970000000006,13.657319696969733,-46.87677654216327,19.6518,-4.072205687645698
8.49,-9.623291288419953,58.89877,12.524431934731968,-44.57911534433751,19.3795,-4.5282114219114336
8.52,-11.9017049592244,60.11947000000001,11.557756596736628,-42.33880217423827,19.0686,-4.973242843822856
8.549999999999999,-14.38878295819042,61.20937000000001,10.699131869463898,-40.15583703186556,18.6951,-5.416574382284397
8.58,-16.614580264277016,62.09217000000001,9.96951459440562,-37.78237670174039,18.2714,-5.893450606060622
8.61,-18.32883977163441,62.72417,9.364896773892797,-35.16157183463821,17.945,-6.379764405594422
8.64,-20.425155792247352,63.14807,8.745614594405618,-33.30374507554979,17.802999999999997,-6.857452377622396
8.67,-22.94740587146375,63.368170000000006,7.984491832167853,-32.09195631576323,17.685000000000002,-7.320160512820532
8.7,-25.21316159589075,63.41077,7.086087018648038,-30.69341245698898,17.5504,-7.751159300699321
8.73,-27.03947478139053,63.39917,6.222495981351997,-28.45933276816437,17.3817,-8.20753279720282
8.76,-28.752049897991515,63.28757,5.450984641025656,-26.140727073255874,17.204,-8.69780920745923
8.79,-30.865043054806627,63.055670000000006,4.289372298368309,-24.46514237271231,17.0415,-9.223680769230793
8.82,-33.00305191592499,62.63407000000001,3.2251506083916164,-23.23288286041989,17.143,-9.7648758741259
8.85,-34.41510503816284,61.97507,2.2953867972028026,-22.107340547549,17.6909,-10.37474743589746
8.879999999999999,-35.62503126963038,61.06777000000001,1.6655306153846194,-20.92644492095946,17.714999999999996,-10.974258857808888
8.91,-36.52542985318561,59.906670000000005,1.2995210955710983,-19.8217972373211,17.8371,-11.570266550116582
8.94,-40.1575433466565,58.871970000000005,0.9315673426573448,-17.49147259761632,17.4289,-12.131371212121245
8.969999999999999,-41.17985179584961,57.77627000000001,0.6588869696969711,-15.761432204657655,17.1299,-12.612279603729636
9.0,-43.11473313802553,56.41427,0.465000372960374,-13.441704483119732,16.4802,-12.992687062937096
9.03,-44.37685880580586,54.79517,0.4017660839160848,-11.892310377499625,16.3348,-13.324135780885817
9.06,-44.92870524273571,53.31877,0.3205757342657349,-10.880491697002943,16.118,-13.624541608391644
9.09,-46.68947728296096,51.04517,-0.1106992540792547,-9.30576472348277,15.8365,-13.906134149184188
9.12,-46.97982622424077,49.03137,-0.295344801864803,-7.236224006383084,15.5089,-14.157995454545492
9.15,-47.23848860673644,46.49107000000001,-0.3041874358974372,-5.212262504363437,15.0993,-14.40425069930074
9.18,-47.65358252680849,43.97827,-0.1474476923076932,-3.648481523961502,14.8413,-14.609630186480224
9.209999999999999,-47.999633103003546,41.31517,0.0870167599067597,-2.4232159776592037,14.549,-14.855488694638732
9.24,-48.21843712997603,38.56567,0.2341725874125877,-0.986236473345634,14.1694,-15.140581235431275
9.27,-48.64303701768332,35.74717,0.442521724941726,0.495776193088316,13.7743,-15.441143939393982
9.299999999999999,-48.85266861974461,32.827169999999995,0.6049599300699315,2.0429262454495585,13.3309,-15.7315243589744
9.33,-48.68172797367235,29.82567,0.7321912354312374,3.95511893482272,12.8066,-15.990337645687688
9.36,-48.633197507324034,26.65447,0.7224234265734284,5.347628783723134,12.348399999999998,-16.223616200466243
9.389999999999999,-48.33317582704697,23.34527,0.555932680652682,6.708622151299058,11.961299999999998,-16.421844871794914
9.42,-47.83136079872364,19.98787,0.3965773892773903,8.324440233381539,11.543,-16.565004312354358
9.45,-47.28301656039624,16.709770000000002,0.3794465967365976,10.162793596968037,11.0367,-16.677892890442934
9.48,-46.66612929227792,13.57687,0.4012380885780896,12.181070164065227,10.5196,-16.804978671328715
9.51,-45.94734472196434,10.67117,0.392495407925409,14.41490051363886,10.0865,-16.969266783216828
9.54,-45.07179507135034,7.949170000000002,0.2838280885780893,16.558071111554383,9.8791,-17.173038111888154
9.57,-44.50710723954482,5.372070000000001,0.0834284615384617,17.697576422480427,9.9074,-17.398113403263448
9.6,-43.836352821493485,3.0760700000000014,-0.0924263403263406,18.48648581259662,10.1192,-17.596485897435944
9.629999999999999,-42.759843679643325,1.1831600000000009,-0.2869520512820522,19.49526255423129,10.4487,-17.709866550116597
9.66,-41.8779567172725,0.0,-0.3631661305361316,20.702214132548747,10.8457,-17.730431818181867
9.69,-41.74587379855131,0.071200000000001,-0.3352222144522154,21.937764922954173,11.2669,-17.666615967366013
9.719999999999999,-42.53420202682795,1.22058,-0.2805387878787888,22.485837530544057,11.759799999999998,-17.521406876456922
9.75,-43.48046273493915,2.7190700000000003,-0.2031378088578095,22.901136986984493,12.398799999999998,-17.28323158508163
9.78,-43.989782474553465,4.42267,-0.1001182517482522,24.11322495387224,13.1388,-16.948838578088623
9.81,-44.6221794793398,6.52237,0.0098681818181815,25.41365381738393,13.845399999999998,-16.522197319347363
9.84,-45.02026272048563,8.63327,0.1636247086247086,26.82366728170349,14.514399999999998,-16.014707342657385
9.87,-44.89368325671115,10.437270000000002,0.4619671095571104,28.392260509649432,15.169999999999998,-15.392510839160876
9.9,-44.99141127485588,11.914070000000002,1.043501216783219,29.3532139829452,15.842199999999998,-14.583954195804234
9.93,-45.340463735567326,13.079070000000002,1.9232175407925456,29.823218471051717,16.5759,-13.593032284382318
9.959999999999999,-45.24056768971632,13.80237,3.169802109557118,30.000000000000004,17.5122,-12.4343745687646
9.99,-44.824639912834165,14.330570000000002,4.458813706293718,29.951378846057946,18.678600000000003,-11.061393216783244
10.02,-44.23693763306965,14.832070000000002,5.402091456876471,29.60005984142024,20.1333,-9.377010689976714
10.049999999999999,-43.55367536286669,15.48987,5.872188438228454,29.02707824265696,21.8361,-7.304378533799554
10.08,-42.91293978997926,16.504070000000002,5.93051052447554,28.08307983842817,23.706000000000003,-4.874929198135211
10.11,-42.142956411525006,17.81997,5.675942470862486,27.00892634518526,25.6929,-2.1330914941725
10.139999999999999,-41.98002079082979,19.28457,5.11411525641027,24.95088016755598,27.7299,0.8850918741258764
10.17,-41.99419635660164,20.65047,4.372947249417261,22.35019697800828,29.8504,4.151194566433578
10.2,-41.42083641397099,21.79657,3.622056771561781,20.03874731960305,32.0614,7.62227415850818
10.23,-40.33115233452111,22.58407,2.9838764172494248,17.519573131202314,34.3971,11.187297083916114
10.26,-39.24847265227615,23.12837,2.4234742890442957,14.25532339300853,36.8623,14.660462876456917
10.29,-38.05272198658046,23.50217,1.861972284382289,10.862165262055552,39.4122,17.841276757575805
10.32,-36.844463468733146,23.79217,1.2040779953379983,7.231636164164962,42.0508,20.484393552447607
10.35,-35.42273760749804,24.06957,0.5074204895104906,3.4083927591881515,44.7188,22.34154762237768
10.379999999999999,-34.004180402141344,24.29487,-0.1467298135198142,-0.5264648680995362,47.3562,23.22457512820519
10.41,-32.921167177172336,24.49057,-0.7541716550116572,-4.839375654515534,49.8977,23.09635163170169
10.44,-31.65070294129092,24.67567,-1.3502974358974398,-8.598613673764524,52.2594,22.045046759906818
10.469999999999999,-30.41292589236576,24.846170000000004,-1.893003193473199,-12.125617114646188,54.4262,20.27682778554784
10.5,-29.35142617309755,24.97597,-2.374715594405601,-15.88727372462973,56.3993,18.16831808857814
10.53,-28.042437752589123,25.04987,-2.832255128205136,-19.52249040043884,58.1371,16.05367736596741
10.559999999999999,-26.4754540350331,25.05327,-3.3081189277389367,-22.78028225203212,59.6099,13.832651165501204
10.59,-24.9823500308527,24.93117,-3.78429317016318,-26.02952176731661,60.8898,11.729334452214484
10.62,-23.670026183103836,24.71807,-4.233858041958054,-29.81125018700444,62.008,9.837307972028
10.65,-22.425244736973763,24.50827,-4.686312913752927,-33.50147110158081,62.8607,8.09909645687648
10.68,-20.77437502432082,24.311870000000003,-5.126088344988359,-35.94649179673865,63.3838,6.6096629370629545
10.709999999999999,-19.610978002857347,24.114770000000004,-5.556422284382299,-39.31980252331322,63.8026,5.355913589743604
10.74,-18.655711641196973,23.91797,-5.938957249417266,-43.14142522315863,64.0817,4.224872564102576
10.77,-17.409262481446685,23.66727,-6.304149790209808,-46.50301700493692,64.1605,3.2297070163170254
10.799999999999999,-15.972327071995194,23.37917,-6.652649090909109,-49.37490649778088,64.0024,2.407307552447559
10.83,-14.848755051782506,23.16557,-6.9914717016317205,-52.16027527053309,63.6276,1.650567342657347
10.86,-14.23058364417662,22.98827,-7.332053053613073,-55.42387672667432,63.1403,0.7193430536130557
10.889999999999999,-12.972860740353664,22.86277,-7.683988484848506,-58.42342791602254,62.5104,-0.1842443822843825
10.92,-11.859411741815697,22.72517,-8.061910163170184,-61.08312970627836,61.7645,-1.0890693006993033
10.95,-10.956211399378498,22.55167,-8.490497109557133,-63.46407021393308,60.768600000000006,-2.019860326340332
10.98,-9.991222267312256,22.34057,-8.924679160839183,-65.66099835436094,59.5655,-2.7889878554778624
11.01,-8.74764157498874,22.14577,-9.332240699300725,-67.68214232284447,58.2124,-3.480172750582759
11.04,-7.475059342809652,22.00427,-9.667453053613078,-69.68807659701791,56.6609,-4.223701375291386
11.07,-6.311228715804921,21.79477,-9.941291282051308,-71.64065227148058,54.91459999999999,-4.910064428904442
11.1,-5.578218548310884,21.575570000000003,-10.122443962703988,-73.95950730564006,53.0739,-5.483098321678336
11.129999999999999,-4.796611205923719,21.19667,-10.242527878787904,-75.97815788161373,50.9927,-5.96171904428906
11.16,-3.5635871408161788,20.61407,-10.30475678321681,-77.40886650376503,48.7828,-6.327339533799551
11.19,-1.969536431204033,19.70457,-10.309775198135224,-78.38577768912383,46.4057,-6.555264498834516
11.219999999999999,-0.0642008038379649,18.631970000000003,-10.336472167832197,-78.9355707375455,43.9035,-6.5981500233100405
11.25,2.167860934920255,17.46627,-10.33951995337998,-79.08193287787364,41.2984,-6.391843076923094
11.28,3.723003885772735,16.287570000000002,-10.301553286713313,-79.83269336258914,38.5336,-5.990161841491858
11.309999999999999,4.978608793298014,15.41317,-10.318579627039654,-80.10970927043336,35.5228,-5.537878764568779
11.34,5.923768810419873,14.77467,-10.390058181818208,-80.68269086919663,32.2786,-5.156408111888126
11.37,6.642503349324853,13.819670000000002,-10.363955384615412,-81.57732010173041,28.9656,-4.708004055944068
11.4,8.217925697799174,12.830370000000002,-10.280082890442916,-80.70488206253428,25.515,-4.317699627039637
11.43,9.800452506295615,12.214370000000002,-10.201368671328698,-79.34473644841171,21.9711,-4.08626069930071
11.459999999999999,11.49833506590248,10.94237,-10.07781179487182,-78.55059093402484,18.549100000000003,-4.11364041958043
11.49,12.386859528481768,9.46217,-9.912460279720303,-79.57911534433751,15.2777,-4.405402191142202
11.52,15.07613112676291,8.141670000000001,-9.722626247086271,-77.7095696404528,12.301199999999998,-4.799675268065281
11.549999999999999,17.174948717806178,6.794970000000001,-9.468112261072283,-77.17074751907445,9.6739,-5.36112039627041
11.58,19.7503988615075,5.012170000000001,-9.245322284382308,-77.11315015209695,7.610800000000001,-6.024756456876473
11.61,21.42961970570413,4.20307,-9.208709230769252,-76.62170248840573,5.634599999999999,-6.726982657342674
11.639999999999999,21.740815067236653,4.151670000000001,-9.329567972027997,-76.61472098937816,3.8962,-7.29481909090911
11.67,21.92209553775425,4.54297,-9.446961678321705,-75.82606093851294,2.6645000000000003,-7.501786456876477
11.7,22.792475276145577,5.0939700000000006,-9.581390349650372,-74.89502817533537,2.0944000000000003,-7.4694000699300895
11.73,23.716555393107893,5.54917,-9.6832334731935,-74.21657607340548,2.358999999999998,-7.237395384615404
11.76,24.27724071222489,6.03767,-9.866888951048976,-74.54071709968584,3.1454999999999984,-6.81714550116552
11.79,25.067236654121757,6.291370000000001,-9.944212727272753,-75.29322295915823,4.6690000000000005,-6.105015594405611
11.82,26.387231984523613,6.43937,-9.780620652680678,-75.88390764474144,6.544799999999999,-5.070975198135211
11.85,27.81112587346501,6.498570000000001,-9.412518787878811,-76.37510596918167,8.3219,-3.934656013986024
11.879999999999999,29.043399467443447,6.666170000000001,-8.913947459207483,-77.22111404777341,9.9664,-2.737390979020986
11.91,29.597080389355536,7.058870000000001,-8.33055328671331,-78.06687278711415,11.4604,-1.6106799766899806
11.94,30.0,7.928270000000001,-7.631059300699322,-78.2426569590585,12.6295,-0.5348872494172505
11.969999999999999,29.83673083658073,9.48557,-6.743645477855496,-78.21822171246198,13.3385,0.4668952447552463
12.0,29.483675863180768,11.49887,-5.778702377622393,-78.07684635715354,13.9893,1.2065038927738962
12.03,29.107606441821808,13.476670000000002,-4.996468904428918,-77.86515733306737,14.841,1.6156081351981395
12.059999999999999,28.606458498946555,15.40577,-4.486681310023322,-77.4308083578517,15.872699999999998,1.7761574125874178
12.09,28.089467276679244,17.53197,-3.533661484848494,-76.59028574278163,16.9344,1.7782000466200514
12.12,27.377020018122487,19.63167,-1.8406235710955767,-75.83478781229742,18.1772,1.6133038461538507
12.15,25.83855420347217,21.96237,0.3268870466200467,-75.37425821572833,19.1676,1.2930766666666702
12.18,23.987392085031157,24.46057,2.971894867132874,-74.36119283897672,19.8632,0.8983199766899792
12.209999999999999,21.98713636894272,26.959570000000003,6.0712789813519965,-72.32010173041441,20.362,0.3937395571095582
12.24,19.828781401657704,29.46617,9.56407668531471,-70.10098239664887,20.6235,-0.1154032400932403
12.27,18.35202099095543,31.86187,13.295160076923114,-68.49249488854535,20.7973,-0.5666865501165516
12.299999999999999,15.65886361993918,34.36887,16.861305869463916,-66.38657557472698,20.7882,-0.9767329370629396
12.33,13.198469038896638,36.78307,19.93428107925413,-64.2357751957313,20.8595,-1.3327166200466234
12.36,10.22835446697093,39.27607,22.504957827505887,-63.00877674163467,20.7057,-1.6925941025641071
12.389999999999999,7.89570674923702,41.676770000000005,24.67306009324016,-60.81060190495188,20.5821,-2.084995757575763
12.42,5.723559790312806,43.991870000000006,26.22752655011662,-58.466563606442925,20.4651,-2.503939184149191
12.45,3.2476554726022444,46.28207,26.72457044289052,-56.10955966688276,20.3226,-2.941969743589751
12.48,0.5708700461956672,48.38067,26.224698927739,-54.33077345035655,20.2482,-3.4159356410256496
12.51,-1.7520999294001232,50.41477,24.931657156177224,-52.44626739141275,20.1005,-4.003075058275068
12.54,-4.151422837670315,52.27927,23.20316386946393,-50.77768912382187,20.0199,-4.6046719114219234
12.57,-6.705876466893104,54.12277,21.181209533799592,-48.44362439535232,19.892200000000003,-5.173375081585095
12.6,-9.110352610249768,55.690470000000005,18.93300536130541,-46.56709719244004,19.7127,-5.698082634032648
12.629999999999999,-11.490129914891014,57.04057,16.7894816550117,-44.94115593676757,19.4621,-6.164763986014002
12.66,-13.703219243191558,58.20237,14.90413543123544,-42.854934423777,19.2514,-6.608403892773895
12.69,-15.800452506295615,59.23547000000001,13.188690501165508,-40.54106617463721,19.0367,-7.040929172494176
12.719999999999999,-18.259963199119444,60.08057000000001,11.699012307692312,-38.795442078492,18.8163,-7.472980722610725
12.75,-20.71183576356268,60.835170000000005,10.490966293706297,-37.06078890939012,18.5961,-7.915199440559441
12.78,-23.06247811125873,61.29267,9.620417902097902,-35.60539570139132,18.5026,-8.378226223776222
